gn-staging,816612716121,artifacts.gn-staging.appspot.com,OWNER,owners,owners-816612716121,project-owners-816612716121
gn-staging,816612716121,artifacts.gn-staging.appspot.com,OWNER,editors,editors-816612716121,project-editors-816612716121
gn-staging,816612716121,artifacts.gn-staging.appspot.com,READER,viewers,viewers-816612716121,project-viewers-816612716121
gn-staging,816612716121,firestore_database_backup,OWNER,owners,owners-816612716121,project-owners-816612716121
gn-staging,816612716121,firestore_database_backup,OWNER,editors,editors-816612716121,project-editors-816612716121
gn-staging,816612716121,firestore_database_backup,READER,viewers,viewers-816612716121,project-viewers-816612716121
gn-staging,816612716121,gn-staging.appspot.com,OWNER,owners,owners-816612716121,project-owners-816612716121
gn-staging,816612716121,gn-staging.appspot.com,OWNER,editors,editors-816612716121,project-editors-816612716121
gn-staging,816612716121,gn-staging.appspot.com,READER,viewers,viewers-816612716121,project-viewers-816612716121
gn-staging,816612716121,gnparking-cloudfunction,OWNER,owners,owners-816612716121,project-owners-816612716121
gn-staging,816612716121,gnparking-cloudfunction,OWNER,editors,editors-816612716121,project-editors-816612716121
gn-staging,816612716121,gnparking-cloudfunction,READER,viewers,viewers-816612716121,project-viewers-816612716121
gn-staging,816612716121,staging.gn-staging.appspot.com,OWNER,owners,owners-816612716121,project-owners-816612716121
gn-staging,816612716121,staging.gn-staging.appspot.com,OWNER,editors,editors-816612716121,project-editors-816612716121
gn-staging,816612716121,staging.gn-staging.appspot.com,READER,viewers,viewers-816612716121,project-viewers-816612716121
group-nexus-253910,120852550646,artifacts.group-nexus-253910.appspot.com,OWNER,owners,owners-120852550646,project-owners-120852550646
group-nexus-253910,120852550646,artifacts.group-nexus-253910.appspot.com,OWNER,editors,editors-120852550646,project-editors-120852550646
group-nexus-253910,120852550646,artifacts.group-nexus-253910.appspot.com,READER,viewers,viewers-120852550646,project-viewers-120852550646
group-nexus-253910,120852550646,gnparking,OWNER,editors,editors-120852550646,project-editors-120852550646
group-nexus-253910,120852550646,gnparking,OWNER,owners,owners-120852550646,project-owners-120852550646
group-nexus-253910,120852550646,gnparking,READER,viewers,viewers-120852550646,project-viewers-120852550646
group-nexus-253910,120852550646,gnparking,WRITER,user,509219875288-kscf0cheafmf4f6tp1auij5me8qakbin@developer.gserviceaccount.com,user-509219875288-kscf0cheafmf4f6tp1auij5me8qakbin@developer.gserviceaccount.com
group-nexus-253910,120852550646,group-nexus-253910.appspot.com,OWNER,owners,owners-120852550646,project-owners-120852550646
group-nexus-253910,120852550646,group-nexus-253910.appspot.com,OWNER,editors,editors-120852550646,project-editors-120852550646
group-nexus-253910,120852550646,group-nexus-253910.appspot.com,READER,viewers,viewers-120852550646,project-viewers-120852550646
group-nexus-253910,120852550646,staging.group-nexus-253910.appspot.com,OWNER,owners,owners-120852550646,project-owners-120852550646
group-nexus-253910,120852550646,staging.group-nexus-253910.appspot.com,OWNER,editors,editors-120852550646,project-editors-120852550646
group-nexus-253910,120852550646,staging.group-nexus-253910.appspot.com,READER,viewers,viewers-120852550646,project-viewers-120852550646
stoked-depth-253813,165944964329,staging.stoked-depth-253813.appspot.com,OWNER,owners,owners-165944964329,project-owners-165944964329
stoked-depth-253813,165944964329,staging.stoked-depth-253813.appspot.com,OWNER,editors,editors-165944964329,project-editors-165944964329
stoked-depth-253813,165944964329,staging.stoked-depth-253813.appspot.com,READER,viewers,viewers-165944964329,project-viewers-165944964329
stoked-depth-253813,165944964329,stoked-depth-253813.appspot.com,OWNER,owners,owners-165944964329,project-owners-165944964329
stoked-depth-253813,165944964329,stoked-depth-253813.appspot.com,OWNER,editors,editors-165944964329,project-editors-165944964329
stoked-depth-253813,165944964329,stoked-depth-253813.appspot.com,READER,viewers,viewers-165944964329,project-viewers-165944964329
